id,name,is_channel,created,is_archived,is_general,unlinked,creator,name_normalized,is_shared,is_org_shared,is_member,is_private,is_mpim,members,topic,purpose,previous_names,num_members
CQLP6MF36,times_0_m_0,True,1573892002,False,False,0,U4R4XRV32,times_0_m_0,False,False,False,False,False,[],"{'value': '', 'creator': '', 'last_set': 0}","{'value': '', 'creator': '', 'last_set': 0}","['times_yyyy', 'times_atyn']",0
CP3AJ6SQZ,times_24,True,1570768418,False,False,0,U9ZNR4K7H,times_24,False,False,True,False,False,['UP1JDBNJC'],"{'value': '', 'creator': '', 'last_set': 0}","{'value': '', 'creator': '', 'last_set': 0}",[],1
CQK4ZC2N7,times_abab,True,1574505597,False,False,0,UDV37UN0J,times_abab,False,False,False,False,False,['U4U20HQBH'],"{'value': 'ゲーミングチームの代表してます', 'creator': 'UDV37UN0J', 'last_set': 1574667846}","{'value': '個人的なe-Sportsのこととか、\nその時にやってるゲームの反省とか。\n後日常的な話も少々\n\nとりあえず思ったことのメモ程度に活用してます。\n気軽にコメントとかしてくださいな', 'creator': 'UDV37UN0J', 'last_set': 1574667823}",[],4
CNT0PFFPE,times_akago_ga_ogya,True,1569573943,False,False,0,UJZLTNLAD,times_akago_ga_ogya,False,False,False,False,False,[],"{'value': '', 'creator': '', 'last_set': 0}","{'value': 'ワシのモンぢゃ！！！！！！', 'creator': 'UJZLTNLAD', 'last_set': 1569573944}",[],23
CPH6Z4EKT,times_akir4,True,1571819741,False,False,0,UHEU29MPS,times_akir4,False,False,False,False,False,[],"{'value': '', 'creator': '', 'last_set': 0}","{'value': '・なんとなく\n・ディスコ感覚ok\n・不定期更新\n・ROM専歓迎\n・荒らし容認', 'creator': 'UHEU29MPS', 'last_set': 1571826763}",[],17
CNVLH5FCN,times_aoharu514,True,1569574058,False,False,0,U9ZNR4K7H,times_aoharu514,False,False,True,False,False,"['U4U20HQBH', 'UP1JDBNJC']","{'value': '暇人とかでまったりと。', 'creator': 'U9ZNR4K7H', 'last_set': 1569946013}","{'value': '暇人な<@U9ZNR4K7H> が暇を潰している。来年度の春季の情報処理安全確保支援士試験を受けるかな', 'creator': 'U9ZNR4K7H', 'last_set': 1571387929}",[],13
CNYLGAJ6R,times_aonami_chiru,True,1570002987,False,False,0,UHP8PSHMJ,times_aonami_chiru,False,False,False,False,False,[],"{'value': 'ついったー@ Aonami_Chiru @ Chiru_0106', 'creator': 'UHP8PSHMJ', 'last_set': 1570003041}","{'value': '音楽とイラストやってるゲーム好きの人のtimesです！！お気軽に参加どうぞ( ◜௰◝ ):sparkles::sparkles:', 'creator': 'UHP8PSHMJ', 'last_set': 1570006167}",[],7
CQX4F5H6D,times_ariyori,True,1575197967,False,False,0,UHQJ4UKPD,times_ariyori,False,False,False,False,False,[],"{'value': '', 'creator': '', 'last_set': 0}","{'value': '墓で推しに狂っている', 'creator': 'UHQJ4UKPD', 'last_set': 1575197968}",[],7
CPGSHNCJ3,times_art,True,1571210074,False,False,0,UP3FYH5HS,times_art,False,False,False,False,False,[],"{'value': '', 'creator': '', 'last_set': 0}","{'value': '絵', 'creator': 'UP3FYH5HS', 'last_set': 1572195677}",['times_jab'],7
CLK23RU6M,times_ayase,True,1564031504,False,False,0,UA0GAFXST,times_ayase,False,False,False,False,False,[],"{'value': '', 'creator': '', 'last_set': 0}","{'value': '綾瀬キャンパスの日常&amp;綾瀬キャンパスの先生の毎日をつぶやくやーつ', 'creator': 'UA0GAFXST', 'last_set': 1564031505}",[],135
CNYMA3XJR,times_bbnbn,True,1570004548,False,False,0,UL6GFL3ST,times_bbnbn,False,False,False,False,False,[],"{'value': '創作物一覧はピン留めへ', 'creator': 'UL6GFL3ST', 'last_set': 1571819084}","{'value': '創作物を垂れ流していきたい', 'creator': 'UL6GFL3ST', 'last_set': 1570041090}",[],10
CQHS49MPC,times_clown,True,1574511269,False,False,0,UA06EEVFG,times_clown,False,False,False,False,False,[],"{'value': '', 'creator': 'UA06EEVFG', 'last_set': 1574511485}","{'value': 'Rauとかいう名古屋cpの文字書きが活動進捗晒したり、なにか投稿するたびに宣伝したり、あわよくば業務受託するチャンネル', 'creator': 'UA06EEVFG', 'last_set': 1574511471}",[],6
CQ6QA3UJG,times_cucumber,True,1573020270,False,False,0,UHUSADDGR,times_cucumber,False,False,False,False,False,[],"{'value': '', 'creator': '', 'last_set': 0}","{'value': 'きゅうりの日記。', 'creator': 'UHUSADDGR', 'last_set': 1573020270}",[],3
CKWNCRMT7,times_d_kikugawa,True,1561542827,False,False,0,U4TD5MG3X,times_d_kikugawa,False,False,False,False,False,['U4U20HQBH'],"{'value': '＜〇＞＜〇＞うぇるかむ', 'creator': 'U4TD5MG3X', 'last_set': 1561543136}","{'value': 'とあるちくわの日常日記', 'creator': 'U4TD5MG3X', 'last_set': 1561542846}",[],35
CPC25J8JJ,times_daibutu_room,True,1570775992,False,False,0,UJ00T5VDX,times_daibutu_room,False,False,False,False,False,[],"{'value': '', 'creator': 'UJ00T5VDX', 'last_set': 1570890069}","{'value': '大仏が自分の好きなことについてひたすらにくっちゃべります。喋るだけです（大事なことｒｙ', 'creator': 'UJ00T5VDX', 'last_set': 1570775992}",['times_hotoke'],4
CM3JPLEUW,times_delo,True,1564884112,False,False,0,U4MGGKUVB,times_delo,False,False,False,False,False,[],"{'value': '', 'creator': '', 'last_set': 0}","{'value': '旅行好きのデロリアンが旅行の様子や普段の社畜の様子を共有するところです。', 'creator': 'U4MGGKUVB', 'last_set': 1564884113}",[],5
CQM81N52M,times_eve,True,1574412979,False,False,0,ULWEXBJ22,times_eve,False,False,False,False,False,[],"{'value': 'うるさかったら抜けて大丈夫です！', 'creator': 'ULWEXBJ22', 'last_set': 1575080504}","{'value': 'イヴちゃんの日記 ', 'creator': 'ULWEXBJ22', 'last_set': 1575080491}",[],35
CL4BZ9YTV,times_f_kana,True,1563272277,False,False,0,U4MRVFUH2,times_f_kana,False,False,False,False,False,['U4U20HQBH'],"{'value': '妄想爆発中', 'creator': 'U4MRVFUH2', 'last_set': 1563954451}","{'value': 'Twitterみたいなやつ。', 'creator': 'U4MRVFUH2', 'last_set': 1563274963}",[],14
CLUN9PG65,times_fake_n_petime,True,1564794835,False,False,0,U9YLFH5B5,times_fake_n_petime,False,False,False,False,False,['U4U20HQBH'],"{'value': '推しなどについて好き勝手しゃべります。おばあちゃんです。N高のグランドマザーになりたい。愚痴もあるやもしらぬ、人力の試作とかあげるかもしれない。', 'creator': 'U9YLFH5B5', 'last_set': 1574821205}","{'value': '_(\u3000_´ω`)_ﾍﾟﾀｲﾑがすきかってしゃべってるだけ', 'creator': 'U9YLFH5B5', 'last_set': 1564794836}",[],34
CL1KWG22Y,times_h_kanado,True,1562046062,False,False,0,U4NFBCTPW,times_h_kanado,False,False,False,False,False,['U4U20HQBH'],"{'value': '金堂先生が自らの日常を投稿するチャンネル。', 'creator': 'U4NFBCTPW', 'last_set': 1562219886}","{'value': '金堂先生が自らの日常を投稿するチャンネル。', 'creator': 'U4NFBCTPW', 'last_set': 1562046063}",[],32
CMEEGHRAR,times_h_takano,True,1565941616,False,False,0,UM5L8AN5P,times_h_takano,False,False,True,False,False,"['U4U20HQBH', 'UP1JDBNJC']","{'value': '季節のイベントと旬の食べ物がすき(｡♡ω♡｡)', 'creator': 'UM5L8AN5P', 'last_set': 1569841413}","{'value': '郷に入ったら郷を愛するタイプ。（eスポーツ、美術、人狼、音楽、、全部やりたいw）', 'creator': 'UM5L8AN5P', 'last_set': 1570014667}",[],37
CR3UE5CGG,times_haru,True,1575035161,False,False,0,UKUT21LM8,times_haru,False,False,False,False,False,[],"{'value': '', 'creator': '', 'last_set': 0}","{'value': 'メモみたいな感じで独り言してる', 'creator': 'UKUT21LM8', 'last_set': 1575035162}",[],2
CNKV9PR26,times_haruccino,True,1570007517,False,False,0,UHMJNT1SS,times_haruccino,False,False,False,False,False,[],"{'value': 'イラスト、猫、マイクラ…\nや、やめられねぇ…これ…たまんねぇよ…！！！あぁぁ…あぁぁあああ！！！\n\n\n\n\nNCSが(白目)\n\n\n\nほどよいカオスを…(ΦωΦ)ﾌﾌﾌ…', 'creator': 'UHMJNT1SS', 'last_set': 1575418376}","{'value': 'ハルチーノの絵や趣味がバレる分かるヤバいやーつ\n発狂セットおひとついかがですかァ！？\n何言ってんだこいつ\n腐イラストとかもでてくる…いや、確実に出現する(？)ので気を付けてくださいね', 'creator': 'UHMJNT1SS', 'last_set': 1570236808}",[],27
CNY6TH11S,times_harumaki,True,1570003207,False,False,0,UA6UZA2HL,times_harumaki,False,False,False,False,False,[],"{'value': '', 'creator': '', 'last_set': 0}","{'value': '楽しく気ままに投稿する', 'creator': 'UA6UZA2HL', 'last_set': 1570004540}",[],7
CQ3F5HR9T,times_hayley,True,1572766059,False,False,0,UP2RWKUSU,times_hayley,False,False,False,False,False,['U4U20HQBH'],"{'value': '', 'creator': 'UP2RWKUSU', 'last_set': 1575185382}","{'value': 'Hayleyが好きなように絵を投げるところです。', 'creator': 'UP2RWKUSU', 'last_set': 1575185382}",[],12
CNLDMDQSE,times_haziii,True,1570030022,False,False,0,UBLUJDA82,times_haziii,False,False,False,False,False,[],"{'value': '', 'creator': 'UBLUJDA82', 'last_set': 1570122953}","{'value': 'イラスト中心に雑多', 'creator': 'UBLUJDA82', 'last_set': 1570030076}",[],9
CQN2BMZ5H,times_hige,True,1574766315,False,False,0,UH86XUS01,times_hige,False,False,False,False,False,[],"{'value': '', 'creator': '', 'last_set': 0}","{'value': '進捗率を上げたいので作りました。こうしたらいいよとか言っていただけたら嬉しいです。', 'creator': 'UH86XUS01', 'last_set': 1575199478}",[],2
CNEM7H7QA,times_hikarunrun,True,1569574554,False,False,0,UHKJLC5H9,times_hikarunrun,False,False,False,False,False,[],"{'value': '', 'creator': '', 'last_set': 0}","{'value': 'なんの変哲もないアジカン廃のチャンネル。たまにスポーツやゲーム実況やお絵かき', 'creator': 'UHKJLC5H9', 'last_set': 1570197120}",[],29
CLRCZH9ME,times_hitotose,True,1564035451,False,False,0,UHJFD6LJ0,times_hitotose,False,False,False,False,False,[],"{'value': '', 'creator': '', 'last_set': 0}","{'value': 'ツイッター（<https://twitter.com/hitotose_TG> )\nYouTube（<https://www.youtube.com/channel/UCOo-FSufA7yQlz_1bCG-J_Q>\u3000）\n↑こんなことをしてるひととせがいろんなこと（ゲーム実況動画うpした！・日々生きてて感じたことetc…）をつぶやくチャンネルとなっております。\nリプライなどしてくれると嬉しいです！', 'creator': 'UHJFD6LJ0', 'last_set': 1564036505}",[],13
CLG7A3STZ,times_i_yuuki,True,1563175511,False,False,0,UHDF91FC1,times_i_yuuki,False,False,True,False,False,"['U4U20HQBH', 'UP1JDBNJC']","{'value': '日常日記的なやつです。最近の話題とか教えてくれると嬉しいです:)気軽にどうぞー', 'creator': 'UHDF91FC1', 'last_set': 1563208664}","{'value': '•不定期更新\n適当にTwitterのリア垢的な感じで 日常をアップしたりします\nたまに日記書く\nちなみに僕のTwitterのリア垢はないです()\n\n•ルール\nルールは特にないですが 発言は常識の範囲内で！\n僕へのメンションは全然いいです:D\n宣伝・勧誘等も全然いいですが 常識の範囲内で\n最近の話題やいい感じの雑談テーマ等あったら、ぜひ教えてください:D', 'creator': 'UHDF91FC1', 'last_set': 1569987872}",[],22
CL41SPNMR,times_i_yuuto,True,1563239980,False,False,0,U4S4WNDKR,times_i_yuuto,False,False,True,False,False,"['U4U20HQBH', 'UP1JDBNJC']","{'value': '優里のtimesチャンネル', 'creator': 'U4S4WNDKR', 'last_set': 1563273509}","{'value': 'ツイッターみたいな運用をしますー、', 'creator': 'U4S4WNDKR', 'last_set': 1563273509}",[],23
CQXCRJBRU,times_ichimi,True,1574414302,False,False,0,UH99LCDBM,times_ichimi,False,False,False,False,False,[],"{'value': '', 'creator': '', 'last_set': 0}","{'value': 'どうもそんなに好かれてないとおもうけど作りました\nレポとかバイトのこととかいろいろはなす', 'creator': 'UH99LCDBM', 'last_set': 1574414302}",[],5
CQ8FRD6NN,times_inuhosi,True,1573904617,False,False,0,UKZ0MRX44,times_inuhosi,False,False,False,False,False,[],"{'value': '', 'creator': '', 'last_set': 0}","{'value': '創作しようではあげてない絵を上げたり色々するところ  (多分)一人言が多いです', 'creator': 'UKZ0MRX44', 'last_set': 1573975914}",[],9
CLDDTEZLH,times_jackorange,True,1563534832,False,False,0,U4VV1PBLH,times_jackorange,False,False,False,False,False,['U4U20HQBH'],"{'value': '', 'creator': '', 'last_set': 0}","{'value': '創作の一人言をするだけの？なの？何これ？？', 'creator': 'U4VV1PBLH', 'last_set': 1563534833}",[],7
CNP0T01DZ,times_jun魚肉,True,1570108605,False,False,0,UA0DZ4THC,times_jun魚肉,False,False,False,False,False,[],"{'value': '', 'creator': '', 'last_set': 0}","{'value': '絵を載せます(？)', 'creator': 'UA0DZ4THC', 'last_set': 1570108606}",[],18
CLE0PP1QS,times_k_mitsuhiro,True,1564033987,False,False,0,UHEC3H47J,times_k_mitsuhiro,False,False,False,False,False,"['U4MSMCAT0', 'U4U20HQBH']","{'value': '*✧*◌̥⋆｡みつひろのtwitter的なお部屋◌̥*⋆✧*', 'creator': 'UHEC3H47J', 'last_set': 1564546515}","{'value': 'みつひろの日常を投稿するチャンネルです。\nみつひろはネットコース綾瀬キャンパス美術教員です。', 'creator': 'UHEC3H47J', 'last_set': 1564540018}",[],29
CR53THACT,times_k_nepson,True,1575953049,False,False,0,UA6UT2HKN,times_k_nepson,False,False,False,False,False,[],"{'value': '反応くれたらまじ喜ぶ', 'creator': 'UA6UT2HKN', 'last_set': 1576027817}","{'value': '', 'creator': '', 'last_set': 0}",['times_i_nepson'],11
CKZJR2QLA,times_k_nodoka,True,1562814574,False,False,0,U4NFBCTPW,times_k_nodoka,False,False,False,False,False,['U4U20HQBH'],"{'value': '', 'creator': '', 'last_set': 0}","{'value': '', 'creator': '', 'last_set': 0}",[],10
CM15DNS93,times_k_seigo,True,1564810966,False,False,0,UH4QCUC8J,times_k_seigo,False,False,True,False,False,['UP1JDBNJC'],"{'value': '', 'creator': '', 'last_set': 0}","{'value': '流行に乗り遅れたseigo2016のtimesチャンネル', 'creator': 'UH4QCUC8J', 'last_set': 1564810967}",[],8
CP5ELAZPF,times_kakudo,True,1570529846,False,False,0,U4Q46N6MT,times_kakudo,False,False,False,False,False,[],"{'value': '表現の自由を最大限認めます（人格否定を伴わない全ての発言がチャンネル外で責任を問われません）', 'creator': 'U4Q46N6MT', 'last_set': 1575813754}","{'value': '有益な情報を流せるように頑張ります', 'creator': 'U4Q46N6MT', 'last_set': 1571063003}",[],6
CQ31N7F9A,times_kana,True,1572768832,False,False,0,UMMH7E28J,times_kana,False,False,False,False,False,[],"{'value': '', 'creator': '', 'last_set': 0}","{'value': '', 'creator': '', 'last_set': 0}",[],1
CNNHCCRMH,times_kanako,True,1570080699,False,False,0,UK58GMA4V,times_kanako,False,False,False,False,False,[],"{'value': '個人チャンネルです。', 'creator': 'UK58GMA4V', 'last_set': 1570080785}","{'value': ':unicorn_face:貴方は 繧ｳ縺、縺励 人目のダフニス:wolf:  【Enter】  当チャンネルは管理人 Kanako が趣味で運営する個人チャンネルです。当チャンネル内の画像の無断転載には然るべき対応を致します。晒し、荒らし目的でのご参加はご遠慮ください。オンラインブックマークはこのページでお願いします。以上ご理解いただける方のみこちらからどうぞ。', 'creator': 'UK58GMA4V', 'last_set': 1572435003}",['times_'],14
CP0GBLLTH,times_kape,True,1570003362,False,False,0,UJ5SVLCKX,times_kape,False,False,False,False,False,[],"{'value': '', 'creator': '', 'last_set': 0}","{'value': '絵とか雑談とかするでよ〜気軽に話しかけてくれると嬉しい:raised_hands::raised_hands:', 'creator': 'UJ5SVLCKX', 'last_set': 1570395356}",[],20
CP0GSTVHD,times_karin,True,1570004235,False,False,0,UJ81G5WJ3,times_karin,False,False,False,False,False,[],"{'value': '', 'creator': '', 'last_set': 0}","{'value': '平和にいきたい', 'creator': 'UJ81G5WJ3', 'last_set': 1570008520}",[],4
CQMHW5KL0,times_katchin-y,True,1573954632,False,False,0,UH95RFXPY,times_katchin-y,False,False,False,False,False,[],"{'value': '自慢ぐらいしか書かなそう、そんでもって自慢するようなことがそうそうない', 'creator': 'UH95RFXPY', 'last_set': 1573954688}","{'value': 'Yのtimesですな', 'creator': 'UH95RFXPY', 'last_set': 1573954634}",[],5
CNYLN6RJ4,times_kawamata,True,1570003221,False,False,0,UHNGX80BV,times_kawamata,False,False,False,False,False,[],"{'value': '', 'creator': '', 'last_set': 0}","{'value': 'カワマタのtimesです。うるせえです。好き勝手やってます。ホンマにショーモないです。気軽に話しかけてくださいね。独り言は基本見んといてな！絵のリクエストとかあったら描くよ', 'creator': 'UHNGX80BV', 'last_set': 1572497467}",[],24
CNNRRBF9R,times_kei_s,True,1570100095,False,False,0,UH6LCQ0BA,times_kei_s,False,False,False,False,False,[],"{'value': '', 'creator': '', 'last_set': 0}","{'value': '落描きとかデザイン画とか載せる用に。', 'creator': 'UH6LCQ0BA', 'last_set': 1570100096}",[],5
CR5QMPMDL,times_khronos_1354,True,1575016380,False,False,0,UHNMMC88Y,times_khronos_1354,False,False,False,False,False,[],"{'value': '推しと音楽と推しのこと。メモもするし文句も言うしいろいろします。Slackの使い方おしえてくだせえ', 'creator': 'UHNMMC88Y', 'last_set': 1575016784}","{'value': '', 'creator': '', 'last_set': 0}",[],2
CNX946S31,times_kiharu,True,1569809504,False,False,0,UHJGV2ZH9,times_kiharu,False,False,False,False,False,[],"{'value': '本などの作品を見た感想を上げるだけのとこです。感情に任せて書いています。ネタバレはガンガンあります。PGSに貼り付ける用なので閲覧は自由ですが雑談と挨拶はなしでお願いします。', 'creator': 'UHJGV2ZH9', 'last_set': 1569936978}","{'value': '本などの作品を見た感想を上げるだけのとこです。感情に任せて書いています。ネタバレはガンガンあります。PGSに貼り付ける用なので閲覧は自由ですが雑談と挨拶はなしでお願いします。', 'creator': 'UHJGV2ZH9', 'last_set': 1569936982}",[],3
CNM7T0K43,times_kinako,True,1570005990,False,False,0,UHWT6LXTL,times_kinako,False,False,False,False,False,[],"{'value': '', 'creator': 'UHWT6LXTL', 'last_set': 1571819799}","{'value': '好きな事とか好きな物をいろいろゆる～く上げていきます(*´∀｀*)人の嫌がることや悪口はやめて下さい！仲良くお話ししましょう:sparkles:', 'creator': 'UHWT6LXTL', 'last_set': 1571819799}",[],6
CNYML3S1K,times_kisiryoga,True,1570005093,False,False,0,UHG9BTX1P,times_kisiryoga,False,False,False,False,False,[],"{'value': '', 'creator': '', 'last_set': 0}","{'value': '(´ω`)のんびりいこうやー', 'creator': 'UHG9BTX1P', 'last_set': 1572856971}",[],2
CQGDH6PD0,times_komayan,True,1574415117,False,False,0,UHPRQ3W9G,times_komayan,False,False,False,False,False,[],"{'value': '', 'creator': '', 'last_set': 0}","{'value': '', 'creator': '', 'last_set': 0}",[],2
CNTK604DA,times_konea,True,1569604032,False,False,0,U9YR3D813,times_konea,False,False,False,False,False,[],"{'value': '', 'creator': 'U9YR3D813', 'last_set': 1570214402}","{'value': 'にゃーん', 'creator': 'U9YR3D813', 'last_set': 1570214402}",[],11
CP111FL9L,times_kotopi,True,1570010647,False,False,0,UH4CFB596,times_kotopi,False,False,False,False,False,[],"{'value': '', 'creator': '', 'last_set': 0}","{'value': ':ribbon:ことぴゃ:ribbon:の個人ちゃんねう:exclamation:うれしい:exclamation:たのしい:exclamation:おいしい:exclamation:って感じ:rabbit:', 'creator': 'UH4CFB596', 'last_set': 1570010648}",[],18
CNYLRE7GQ,times_koyasina,True,1570003381,False,False,0,UH4E7Q37E,times_koyasina,False,False,False,False,False,[],"{'value': '絵をうpします。時々何か呟いたりも', 'creator': 'UH4E7Q37E', 'last_set': 1570006918}","{'value': '', 'creator': '', 'last_set': 0}",[],6
CR6GJHVKK,times_kubanius_pius,True,1575809738,False,False,0,U4M91RSTX,times_kubanius_pius,False,False,True,False,False,['UP1JDBNJC'],"{'value': '', 'creator': '', 'last_set': 0}","{'value': '', 'creator': '', 'last_set': 0}",[],3
CNTF5RFDE,times_kumoi,True,1569575586,False,False,0,UHHRVKA1M,times_kumoi,False,False,False,False,False,[],"{'value': '', 'creator': '', 'last_set': 0}","{'value': '雲井先生の生態調査', 'creator': 'UHHRVKA1M', 'last_set': 1569575587}",[],12
CPMFWTC7R,times_kurabe,True,1571499345,False,False,0,UJ54ZR0F2,times_kurabe,False,False,False,False,False,[],"{'value': '', 'creator': '', 'last_set': 0}","{'value': '日記程度に好きなことを壁打ちする。', 'creator': 'UJ54ZR0F2', 'last_set': 1571499345}",[],20
CP9L15U2Z,times_kurumi,True,1570756484,False,False,0,UHNK644UQ,times_kurumi,False,False,False,False,False,[],"{'value': '私と雑談とお絵描きと', 'creator': 'UHNK644UQ', 'last_set': 1570756521}","{'value': '雑談したりお絵描きのせたりしたいです！お気軽にどうぞ～', 'creator': 'UHNK644UQ', 'last_set': 1570756485}",[],24
CNELQCAP4,times_lacua,True,1569573505,False,False,0,U9ZLD84DU,times_lacua,False,False,False,False,False,['U4U20HQBH'],"{'value': '', 'creator': '', 'last_set': 0}","{'value': '曲, 詞, 映像, 作品, 飯, 進捗などを気ままに載せます', 'creator': 'U9ZLD84DU', 'last_set': 1570015378}",[],11
CLE22FFSN,times_liru,True,1564038458,False,False,0,UHT57AJ1K,times_liru,False,False,False,False,False,[],"{'value': '', 'creator': '', 'last_set': 0}","{'value': 'Vtuber(にじさんじ)とか、ゲームの話とか出来たらいいなぁ\nあと少し絵とかも出せたら\n\n\n誰かとゲームとか語りたい(ボソッ)', 'creator': 'UHT57AJ1K', 'last_set': 1564038459}",[],6
CNTEBHRGQ,times_lulu,True,1569573918,False,False,0,UJ30GTKAB,times_lulu,False,False,False,False,False,[],"{'value': '', 'creator': '', 'last_set': 0}","{'value': 'るるさんルーム', 'creator': 'UJ30GTKAB', 'last_set': 1569718731}",[],10
CQLSVL25S,times_m_a,True,1573913251,False,False,0,UHLC1QNUU,times_m_a,False,False,False,False,False,[],"{'value': '', 'creator': '', 'last_set': 0}","{'value': '', 'creator': '', 'last_set': 0}",[],7
CQX2C8B4P,times_m_kageyama,True,1574414041,False,False,0,UHSNNGZDK,times_m_kageyama,False,False,False,False,False,[],"{'value': '', 'creator': '', 'last_set': 0}","{'value': '一日に考えたこと、感じた事に書きます。', 'creator': 'UHSNNGZDK', 'last_set': 1574414042}",[],2
CKK9XJ0HY,times_m_yasuba,True,1561542883,False,False,0,UJ00B6H4G,times_m_yasuba,False,False,False,False,False,['U4U20HQBH'],"{'value': '＼やすばーずルーム／', 'creator': 'UJ00B6H4G', 'last_set': 1561544672}","{'value': '趣味もろだし場', 'creator': 'UJ00B6H4G', 'last_set': 1569576764}",[],17
CNM8L32LT,times_ma,True,1570007477,False,False,0,UJ43K3P47,times_ma,False,False,False,False,False,['U4U20HQBH'],"{'value': '', 'creator': '', 'last_set': 0}","{'value': '主に絵を掲載する。その他作品掲示。好きなことをする。\n量が多くなると思われる呟きなどはスレッドに。', 'creator': 'UJ43K3P47', 'last_set': 1570361421}",[],16
CQ3F7AGQ5,times_macchiyan,True,1572766421,False,False,0,UP2RZRW0M,times_macchiyan,False,False,False,False,False,[],"{'value': '', 'creator': '', 'last_set': 0}","{'value': 'タイムライン', 'creator': 'UP2RZRW0M', 'last_set': 1572766421}",[],5
CP29ZS5B3,times_mackey,True,1570714747,False,False,0,U4LG525S7,times_mackey,False,False,False,False,False,['U4U20HQBH'],"{'value': '', 'creator': '', 'last_set': 0}","{'value': 'まっきーが日常的にラーメンを食べながら発言するよ。\n愛猫の高木さんの話とかカメラの話とか授業の話とか、とりあえずなんでもいけるよ。\nかなりの確率でなんか食べてるよ。お問い合わせは<@U4LG525S7> へ。', 'creator': 'U4LG525S7', 'last_set': 1571375359}",[],18
CP2BANQ1X,times_mai_shirotama,True,1570716322,False,False,0,UA2HG9HR8,times_mai_shirotama,False,False,False,False,False,[],"{'value': '', 'creator': '', 'last_set': 0}","{'value': 'みんなに便乗してTimes始めたけど(   ᐛ)です', 'creator': 'UA2HG9HR8', 'last_set': 1572849312}","['time_smai_shirotama', 'ちめｓという名の舞雪さんのtimes_shirotama']",8
CP576U1UH,times_mare-blanc,True,1570965962,False,False,0,UHKDXK2HW,times_mare-blanc,False,False,False,False,False,[],"{'value': '気軽にどうぞ!\u3000D!好きｶﾓﾝです～', 'creator': 'UHKDXK2HW', 'last_set': 1570966259}","{'value': 'イラスト投げる', 'creator': 'UHKDXK2HW', 'last_set': 1573533147}","['times_blanc', 'times_marenowa-ru']",1
CPKTZM6SU,times_mari,True,1571556578,False,False,0,UHJL91R8W,times_mari,False,False,False,False,False,[],"{'value': '', 'creator': '', 'last_set': 0}","{'value': '', 'creator': '', 'last_set': 0}",[],13
CLE21CMGS,times_marimura,True,1564038373,False,False,0,UHGF61X7T,times_marimura,False,False,False,False,False,[],"{'value': 'スプラの大ファンの自分が、スプラのことや日常のことをつぶやくチャンネルです。\n絵もたまにのせます\n※自分のコメント(特に絵)に:eggplant:のリアクションがされていますが、\nこれは「満点」という意味です。\nちなみに55点は「ええやん」、70点は:grapes:です', 'creator': 'UHGF61X7T', 'last_set': 1572243711}","{'value': 'ゲーム好きな自分が、主にゲームについていろいろ発言するチャンネルです(好きなゲームかなり偏ってるうえに好きなゲームについてしか語らないと思うのでそこらへんご了承ください)\n不定期更新です', 'creator': 'UHGF61X7T', 'last_set': 1565429817}",[],13
CQPLNDSK1,times_maron,True,1574002580,False,False,0,UHSPPJKC6,times_maron,False,False,False,False,False,[],"{'value': '', 'creator': 'UHSPPJKC6', 'last_set': 1574339542}","{'value': 'まろんが、気ままに一人言を呟くチャンネルです！たまにイラストも載せるかもしれません～(^^)', 'creator': 'UHSPPJKC6', 'last_set': 1574339542}",[],9
CRJJADBQQ,times_maruho,True,1576051258,False,False,0,UJ740AUR4,times_maruho,False,False,False,False,False,[],"{'value': '', 'creator': '', 'last_set': 0}","{'value': 'えーと…他の人もすなるtimesといふものを、まるほもしてみむとてするなり。ほどほどにやっていきます(￣▽￣;)', 'creator': 'UJ740AUR4', 'last_set': 1576051259}",[],2
CRAKC4PEK,times_mashu,True,1575421885,False,False,0,UHG1E0T5F,times_mashu,False,False,False,False,False,[],"{'value': 'レポート終わったし何か作ろうかな', 'creator': 'UHG1E0T5F', 'last_set': 1575422320}","{'value': '何を作ったか備忘録', 'creator': 'UHG1E0T5F', 'last_set': 1575422320}",[],1
CQ09277RV,times_matakiti,True,1572419447,False,False,0,U9ZDHHFUK,times_matakiti,False,False,False,False,False,[],"{'value': '', 'creator': '', 'last_set': 0}","{'value': 'またきちが話すだけのやつ（）', 'creator': 'U9ZDHHFUK', 'last_set': 1572419447}",[],6
CQ5M4QDEJ,times_mikuni,True,1572766417,False,False,0,UP07FSFLH,times_mikuni,False,False,False,False,False,[],"{'value': '', 'creator': '', 'last_set': 0}","{'value': '', 'creator': '', 'last_set': 0}",['mikuni_may'],5
CNM65HD51,times_misato,True,1570002887,False,False,0,UJ19NGQAZ,times_misato,False,False,False,False,False,[],"{'value': 'オタク？', 'creator': 'UJ19NGQAZ', 'last_set': 1570014837}","{'value': '過去絵とか途中経過とかオタクイベの様子とか…色々載っけたいと思います！！(今はあんスタ、A3!、ヒプマイ、鬼滅、ダンキラ!!!に足を漬けています:slightly_smiling_face:漫画は全ジャンル読みます)', 'creator': 'UJ19NGQAZ', 'last_set': 1570014806}",[],7
CNELW3M8S,times_mitsuo,True,1569573859,False,False,0,U63J31QVD,times_mitsuo,False,False,False,False,False,[],"{'value': '', 'creator': '', 'last_set': 0}","{'value': 'みつおが作った音楽とかなんかいろいろ。YouTube→<https://www.youtube.com/channel/UCLu4vzjiiewZiMP6GozlH1A> Twitter@mitsuo_music', 'creator': 'U63J31QVD', 'last_set': 1569581023}",[],17
CQ5FWU7FH,times_momomaru,True,1572799721,False,False,0,U9ZPCDKSR,times_momomaru,False,False,False,False,False,[],"{'value': '', 'creator': '', 'last_set': 0}","{'value': '絵を描いたりゲームしたり', 'creator': 'U9ZPCDKSR', 'last_set': 1572799721}",[],1
CLSJY3BEU,times_moriya,True,1564107539,False,False,0,UK6EDH6JG,times_moriya,False,False,False,False,False,['U4U20HQBH'],"{'value': '先生のことは気にせずお話を…', 'creator': 'UK6EDH6JG', 'last_set': 1564129933}","{'value': 'おふざけ専用チャンネル', 'creator': 'UK6EDH6JG', 'last_set': 1564107540}",[],41
CPRRFNU4W,times_morokko,True,1571818635,False,False,0,UHPFM8F8B,times_morokko,False,False,False,False,False,[],"{'value': '', 'creator': '', 'last_set': 0}","{'value': '雑談したり絵を投下したり独り言言ったり…色々したいです！！！！！！！！、 ', 'creator': 'UHPFM8F8B', 'last_set': 1571822060}",[],20
CP3QPUN4R,times_moyashi_chan,True,1570800193,False,False,0,UJ7MYV2MV,times_moyashi_chan,False,False,True,False,False,['UP1JDBNJC'],"{'value': 'ぷくw', 'creator': 'UJ7MYV2MV', 'last_set': 1570978046}","{'value': 'もやし好き廃人の日常を後悔したり公開したりします', 'creator': 'UJ7MYV2MV', 'last_set': 1570800194}",['times_moya_shi'],10
CQS6TJG2E,times_mufuu,True,1575185153,False,False,0,UKYJLJKK9,times_mufuu,False,False,False,False,False,[],"{'value': '主に創作や二次創作、FAがあがります', 'creator': 'UKYJLJKK9', 'last_set': 1575185338}","{'value': '絵や趣味、推しの話が主になります', 'creator': 'UKYJLJKK9', 'last_set': 1575185267}",[],21
CM873TC4A,times_n_oturin,True,1566401008,False,False,0,UH8BUGJJZ,times_n_oturin,False,False,False,False,False,[],"{'value': '', 'creator': '', 'last_set': 0}","{'value': 'なんとなくで作りました', 'creator': 'UH8BUGJJZ', 'last_set': 1566401009}",[],3
CNL6F2DH8,times_nanata,True,1570020838,False,False,0,UHW105ULQ,times_nanata,False,False,False,False,False,[],"{'value': 'おれさまちゃんの日常・制作・創作をお届けしたりお届けしなかったりするぜ！', 'creator': 'UHW105ULQ', 'last_set': 1570020872}","{'value': 'おれさまちゃんの日常・制作・創作をお届けしたりお届けしなかったりするぜ！', 'creator': 'UHW105ULQ', 'last_set': 1570020839}",[],1
CP5S0NT8S,times_neconeco,True,1571409186,False,False,0,U9Z3WFADA,times_neconeco,False,False,False,False,False,[],"{'value': '', 'creator': '', 'last_set': 0}","{'value': '絵描いてます:muscle:( ◜௰◝ :muscle:)', 'creator': 'U9Z3WFADA', 'last_set': 1571409186}",[],12
CPPKD6K5E,times_needlekpt,True,1571818804,False,False,0,UNZJ72DNX,times_needlekpt,False,False,False,False,False,[],"{'value': '', 'creator': '', 'last_set': 0}","{'value': '好きなこと言います', 'creator': 'UNZJ72DNX', 'last_set': 1571818805}",[],5
CNZ1G1LSD,times_nekozuki_2525,True,1570529197,False,False,0,UHNR1PG9G,times_nekozuki_2525,False,False,False,False,False,[],"{'value': '', 'creator': '', 'last_set': 0}","{'value': '擬似TL', 'creator': 'UHNR1PG9G', 'last_set': 1570529197}",[],1
CNGKBDQP5,times_neo,True,1569604746,False,False,0,UHPMJG0HL,times_neo,False,False,False,False,False,[],"{'value': '', 'creator': 'UHPMJG0HL', 'last_set': 1569619121}","{'value': 'まだ大してないですが音楽部に上げられるまでのクオリティーになってない練習段階のものとか上げます', 'creator': 'UHPMJG0HL', 'last_set': 1569619121}",[],6
CPB20RGB0,times_norori-noronoro,True,1570717823,False,False,0,UJ07GBTEU,times_norori-noronoro,False,False,True,False,False,['UP1JDBNJC'],"{'value': '', 'creator': '', 'last_set': 0}","{'value': '気ままに進捗とかわいいもの！(限界オタクなので気をつけて下さい)', 'creator': 'UJ07GBTEU', 'last_set': 1571210984}",[],11
CQ5M54MLN,times_numomon,True,1572766482,False,False,0,UMKHG3FV1,times_numomon,False,False,False,False,False,[],"{'value': '', 'creator': '', 'last_set': 0}","{'value': '', 'creator': '', 'last_set': 0}",[],5
CP50U3K28,times_nyctbius,True,1570529915,False,False,0,UH5JLAP3L,times_nyctbius,False,False,False,False,False,[],"{'value': '', 'creator': 'UH5JLAP3L', 'last_set': 1570530036}","{'value': 'たちよたかだったりそうじゃなかったりする人のtimesチャンネル', 'creator': 'UH5JLAP3L', 'last_set': 1570530037}",[],1
CNWB1SPPZ,times_of_yagi,True,1569626626,False,False,0,UCK499NSV,times_of_yagi,False,False,False,False,False,[],"{'value': '聴いてる曲貼ります(/)・ω・(ヾ)ﾓﾌﾓﾌ', 'creator': 'UCK499NSV', 'last_set': 1569626651}","{'value': '', 'creator': '', 'last_set': 0}",[],14
CNX46JHL5,times_oji,True,1569914883,False,False,0,UN5KMAY7J,times_oji,False,False,True,False,False,['UP1JDBNJC'],"{'value': 'Twitter: <https://twitter.com/OJI_1941>\nGitHub: <https://github.com/OldBigBuddha>\nBlog: <https://oldbigbuddha.dev/>\nQiita: <https://qiita.com/OldBigBuddha>', 'creator': 'UN5KMAY7J', 'last_set': 1569916587}","{'value': 'わいわい', 'creator': 'UN5KMAY7J', 'last_set': 1569914884}",[],16
CNKT52QNN,times_otogi,True,1570003445,False,False,0,UHH3ZN344,times_otogi,False,False,True,False,False,['UP1JDBNJC'],"{'value': 'イラストとか', 'creator': 'UHH3ZN344', 'last_set': 1570003468}","{'value': '御togiのtimes', 'creator': 'UHH3ZN344', 'last_set': 1570003446}",[],8
CNTEF6961,times_panketsu,True,1569574005,False,False,0,UHRAMKQU8,times_panketsu,False,False,False,False,False,[],"{'value': 'Nケロロ部に入りたい人募集中！', 'creator': 'UHRAMKQU8', 'last_set': 1571215161}","{'value': '心の闇、ケロロ軍曹、浜家のパンダ:panda_face:中心に乗せていきます。', 'creator': 'UHRAMKQU8', 'last_set': 1569574427}",[],18
CNYUU1893,times_pineapple,True,1570019780,False,False,0,UHH5QJ2N8,times_pineapple,False,False,False,False,False,[],"{'value': '', 'creator': '', 'last_set': 0}","{'value': ':pineapple:～”元”パイナップルが、独り言ちたり、絵あげたり、なんやかんやします。ゆっくりしていってね。～:pineapple:', 'creator': 'UHH5QJ2N8', 'last_set': 1575215574}",[],10
CNK9E752L,times_pion_aki_kondo,True,1568971880,False,False,0,U7BERNW4B,times_pion_aki_kondo,False,False,False,False,False,['U4U20HQBH'],"{'value': '', 'creator': '', 'last_set': 0}","{'value': '作成した音楽、小説や「高校生の総合物理」の更新情報などをお知らせするほか、日々の所感について書き込みます。', 'creator': 'U7BERNW4B', 'last_set': 1568971881}",[],10
CNMCFTKGB,times_plumvery,True,1570015585,False,False,0,UHELTB2FQ,times_plumvery,False,False,False,False,False,[],"{'value': 'いろいろ', 'creator': 'UHELTB2FQ', 'last_set': 1570015626}","{'value': '絵とか3DCGとかゲームとかの進捗をあげていく', 'creator': 'UHELTB2FQ', 'last_set': 1570015585}",[],4
CNYLQCX4M,times_rakko,True,1570003407,False,False,0,UH7PDLM42,times_rakko,False,False,False,False,False,[],"{'value': '', 'creator': '', 'last_set': 0}","{'value': '鬼滅の刃はネタバレを含むものもあげますのでご注意を！単行本までです。', 'creator': 'UH7PDLM42', 'last_set': 1570008797}",[],4
CC8733HE2,times_ricotan_aikatsu,True,1533977626,False,False,0,UA83GS0PQ,times_ricotan_aikatsu,False,False,False,False,False,[],"{'value': '', 'creator': 'UA83GS0PQ', 'last_set': 1533977703}","{'value': '代々木の魔物がなんでも話していくスタイル', 'creator': 'UA83GS0PQ', 'last_set': 1563178135}",['りこたん'],5
CPRRNM0EA,times_rin,True,1571819031,False,False,0,UMYKG0VST,times_rin,False,False,False,False,False,[],"{'value': '', 'creator': '', 'last_set': 0}","{'value': '絵の途中経過とか過去画とか乗せていきます。よくしゃべる。', 'creator': 'UMYKG0VST', 'last_set': 1571840625}",[],9
CNTEFKYJ1,times_river,True,1569574035,False,False,0,UHHQ3RN8Y,times_river,False,False,False,False,False,[],"{'value': '', 'creator': '', 'last_set': 0}","{'value': 'かわのチャンネル！最近はよく徹夜をするのでよくわからん事ばっか言ってます！(元から)', 'creator': 'UHHQ3RN8Y', 'last_set': 1574998700}",[],42
CN8NN98PQ,times_rui5ep,True,1568095762,False,False,0,UHL0CHZHD,times_rui5ep,False,False,False,False,False,[],"{'value': '', 'creator': 'UHL0CHZHD', 'last_set': 1572828526}","{'value': 'ゲーム関連メインで色々。', 'creator': 'UHL0CHZHD', 'last_set': 1572828527}",['バーミヤンが関西にあるならジョナサンも関西に来てもいいと思うの'],7
CQ2A8D007,times_rurumacaron,True,1572526385,False,False,0,UHFEV7E7L,times_rurumacaron,False,False,False,False,False,[],"{'value': '私がひとりごとになりがちな人なのでひとりごとも歓迎するちゃんねるです(？)', 'creator': 'UHFEV7E7L', 'last_set': 1572527182}","{'value': 'るるさんがtimes低浮上中にtimes作ってみただけ、いぇあ', 'creator': 'UHFEV7E7L', 'last_set': 1572526386}",[],19
CPQH5VCBE,times_ryuuuu,True,1571887809,False,False,0,UJ3N2QJ87,times_ryuuuu,False,False,False,False,False,[],"{'value': '', 'creator': '', 'last_set': 0}","{'value': '', 'creator': '', 'last_set': 0}",[],1
CLJU4JPH7,times_s_kaneko,True,1564017575,False,False,0,UA09Z69HU,times_s_kaneko,False,False,False,False,False,['U4U20HQBH'],"{'value': ""金子の備忘録(*'ω'*)"", 'creator': 'UA09Z69HU', 'last_set': 1564021343}","{'value': '', 'creator': '', 'last_set': 0}",['timesa'],22
CRBUG3TAQ,times_s_tamanaga,True,1575610072,False,False,0,U4U206UNT,times_s_tamanaga,False,False,False,False,False,['U4U20HQBH'],"{'value': 'たまながの日常', 'creator': 'U4U206UNT', 'last_set': 1575614121}","{'value': '', 'creator': '', 'last_set': 0}",[],13
CNTNK23CG,times_s2su9,True,1569590347,False,False,0,UHPLCL249,times_s2su9,False,False,False,False,False,[],"{'value': '', 'creator': 'UHPLCL249', 'last_set': 1569828317}","{'value': 'なんか色々共有したいことだったりメモ的な感覚でざかざかと書いてく感じのすにすくの個人チャンネルです', 'creator': 'UHPLCL249', 'last_set': 1569590348}",[],21
CNYLNFAE9,times_sabazushi,True,1570003304,False,False,0,UHF4W6EMN,times_sabazushi,False,False,False,False,False,[],"{'value': '', 'creator': '', 'last_set': 0}","{'value': 'イラスト・落書きを載せたり、3Dモデリングしたり、その他色々と話したりします！コミュニケーション苦手ですが、気軽に話しかけてください...！', 'creator': 'UHF4W6EMN', 'last_set': 1570156315}",[],16
CNX12QQ3H,times_sato_san,True,1569760437,False,False,0,UF11Z7FEJ,times_sato_san,False,False,False,False,False,[],"{'value': '説明を読んでくれ', 'creator': 'UF11Z7FEJ', 'last_set': 1570182728}","{'value': 'ここは砂糖さんのチャンネル！！！！\n絵だったりラフだったり曲や動画の宣伝だったり\n愚痴だったりアイカツやプリチャン、オトカの直撮り画像だったり\n局部のない裸だったり夢だったり薔薇だったり百合だったり\n年齢制限がかからない程度に不適切だったり\n\nそ\u3000う\u3000い\u3000う\u3000と\u3000こ\u3000ろ\u3000な\u3000ん\u3000で\u3000す～～～～～！！！！！！！\n\n特に夢とBLとGLが苦手な人間ども逃げろ～～～～！！！\nまあ一応ワンクッション挟めるようスレッドに投稿するけどさ……', 'creator': 'UF11Z7FEJ', 'last_set': 1570182700}",[],27
CRE8WKMNK,times_seigetsuchan,True,1575611857,False,False,0,UMZV676L8,times_seigetsuchan,False,False,False,False,False,[],"{'value': '', 'creator': '', 'last_set': 0}","{'value': '絵の知識をメモしておくため', 'creator': 'UMZV676L8', 'last_set': 1575611858}",[],1
CNG3GU3KM,times_shiroe,True,1569580254,False,False,0,U9ZH0QTHC,times_shiroe,False,False,False,False,False,[],"{'value': '', 'creator': '', 'last_set': 0}","{'value': '私の音楽に関する進捗が見れまーす', 'creator': 'U9ZH0QTHC', 'last_set': 1569580254}",[],26
CPDUPGH4N,times_sho_k,True,1570983009,False,False,0,U4N19KDRA,times_sho_k,False,False,False,False,False,[],"{'value': '', 'creator': '', 'last_set': 0}","{'value': 'なんか知り合いがみんなやってるので便乗しました！そもそも大して意味はわかっていません。\nたぶん、アニメとか音楽、イベントとかのつぶやき、日記感覚で使うと思います。', 'creator': 'U4N19KDRA', 'last_set': 1570983120}",[],2
CJRC3DS8M,times_sifue,True,1558008576,False,False,0,U0VKMCTEV,times_sifue,False,False,False,False,False,[],"{'value': '', 'creator': '', 'last_set': 0}","{'value': 'teacher_sifueのつぶやきなど、あとbotのテスト用チャンネル', 'creator': 'U0VKMCTEV', 'last_set': 1558008578}",[],10
CPARQCBT4,times_siguma,True,1571818682,False,False,0,UHLC5AVRT,times_siguma,False,False,False,False,False,[],"{'value': '', 'creator': '', 'last_set': 0}","{'value': '普段の落書きを載せたり、色々呟いたりします…多分…', 'creator': 'UHLC5AVRT', 'last_set': 1571819796}",[],5
CPJC51NDT,times_sika,True,1571395905,False,False,0,UHJMZGBUP,times_sika,False,False,False,False,False,[],"{'value': '', 'creator': '', 'last_set': 0}","{'value': 'ひとりごとをつぶやく', 'creator': 'UHJMZGBUP', 'last_set': 1571395907}",['times_nananeko'],2
CP0V1KGDC,times_sima,True,1570007906,False,False,0,UA883D49M,times_sima,False,False,False,False,False,[],"{'value': '【ゆる募】おすすめの作業用BGM\n(できればメドレーは気が散るので曲名を教えて欲しいです)', 'creator': 'UA883D49M', 'last_set': 1573614041}","{'value': '絵(最重要)(見てください)と壁打ちと交流', 'creator': 'UA883D49M', 'last_set': 1570007907}",[],12
CLGNL4JTG,times_someya,True,1563192846,False,False,0,UHKJJFST1,times_someya,False,False,False,False,False,[],"{'value': '', 'creator': '', 'last_set': 0}","{'value': '', 'creator': '', 'last_set': 0}","['times_somiya', 'times_ryotak']",0
CHP9D60BW,times_staff_tyamada,True,1554442201,False,False,0,U0L8J9K8V,times_staff_tyamada,False,False,False,False,False,[],"{'value': '', 'creator': '', 'last_set': 0}","{'value': 'N高職員のやまだの日常をつらつら書いていくチャンネル', 'creator': 'U0L8J9K8V', 'last_set': 1554442202}",[],4
CNM6A3GLT,times_surumaid,True,1570003151,False,False,0,UHVTRJF29,times_surumaid,False,False,False,False,False,[],"{'value': 'MO4とボク殺とskyとポケモンとカービィとケロロ軍曹をすこれ', 'creator': 'UHVTRJF29', 'last_set': 1575603674}","{'value': '春巻き(スルメ入り)のtimes 絵をあげたりします 雑談しましょう お気軽に出たり入ったりしてください 春巻きは夢女です、夢女地雷の方は注意', 'creator': 'UHVTRJF29', 'last_set': 1575983201}",[],25
CQ47Z3P44,times_suzuka,True,1572886412,False,False,0,UA0EX264W,times_suzuka,False,False,False,False,False,[],"{'value': '', 'creator': 'UA0EX264W', 'last_set': 1572886485}","{'value': '正直便乗したかった()  Twitter的な感覚で！生徒さんや先生との交流場', 'creator': 'UA0EX264W', 'last_set': 1573047384}",[],10
CP0GE5NBZ,times_syouko,True,1570003499,False,False,0,UHD46F30R,times_syouko,False,False,False,False,False,[],"{'value': '', 'creator': '', 'last_set': 0}","{'value': '', 'creator': '', 'last_set': 0}",[],12
CPUNABEUS,times_t,True,1573036707,False,False,0,UHV5H1BDJ,times_t,False,False,False,False,False,[],"{'value': '', 'creator': '', 'last_set': 0}","{'value': 'ちょっと作ってみようと思って作ってみました。\n独り言が多い主ですが結構寂しがり屋なので気軽に話しかけてくれても構いません。というか話しかけてくださいお願いします。\n基本的に雑談OKです。ほぼ無法地帯なので、ふざけあったりするのもOKです。\n絵もたまに貼ります。', 'creator': 'UHV5H1BDJ', 'last_set': 1573910678}",[],12
CLCR8KNDQ,times_t_masa,True,1563960275,False,False,0,U4U3WFMR8,times_t_masa,False,False,False,False,False,['U4U20HQBH'],"{'value': '', 'creator': '', 'last_set': 0}","{'value': '', 'creator': '', 'last_set': 0}",[],10
CNUMF3B1N,times_taichi,True,1569669876,False,False,0,UHQNK8CLF,times_taichi,False,False,False,False,False,[],"{'value': '', 'creator': '', 'last_set': 0}","{'value': '', 'creator': '', 'last_set': 0}",[],3
CQ5AS3XUP,times_taiga,True,1572766455,False,False,0,UN9AA4ZAL,times_taiga,False,False,False,False,False,['U4U20HQBH'],"{'value': '', 'creator': '', 'last_set': 0}","{'value': '', 'creator': '', 'last_set': 0}",[],4
CNZ15B1LM,times_taka,True,1570022472,False,False,0,UHLAGC9PG,times_taka,False,False,False,False,False,[],"{'value': 'ツイ学校垢はよく動いてるのでプロフから飛んで頂けると嬉しいです', 'creator': 'UHLAGC9PG', 'last_set': 1570022880}","{'value': '今のところ絵とか', 'creator': 'UHLAGC9PG', 'last_set': 1570023052}",[],6
CR2SZQBMW,times_timepeace,True,1574950703,False,False,0,UA2FHBXJM,times_timepeace,False,False,False,False,False,[],"{'value': '', 'creator': '', 'last_set': 0}","{'value': '', 'creator': '', 'last_set': 0}",[],0
CNM6S1GRF,times_tl,True,1569584046,False,False,0,U4S4WNDKR,times_tl,False,False,False,False,False,[],"{'value': 'timesのTL', 'creator': 'U4S4WNDKR', 'last_set': 1569584075}","{'value': '', 'creator': '', 'last_set': 0}",[],2
CQD3XJY49,times_torisaratorisuke,True,1573861574,False,False,0,UA0LXQERM,times_torisaratorisuke,False,False,False,False,False,[],"{'value': '&gt;以下主に使用するネタ。収集元は大体ニコニコ動画（）\n【アーマード・コア】シリーズ、クロスクランブル＋をやってる【エースコンバット】シリーズ、エンジョイガチ勢の【モンスターハンターダブルクロス】、団員全滅ガチ勢な【砂漠のネズミ団】、【ダンボール戦機】シリーズ、【星と翼のパラドクス】、今は亡き【ボーダーブレイク】など。\nアニメネタは大体ニコニコで話題になったやつ……かなぁ？ひぐらしとか。このすばとか。異世カルとか。\nライダーはカブト以降、戦隊はゲキレンジャー以降なら全話見た。', 'creator': 'UA0LXQERM', 'last_set': 1573893176}","{'value': '週刊の更新が危ぶまれている鳥さんがそれらを放り出してうっかり作ってしまったチャンネルです。基本的に週刊投稿の裏話、同好会業務の愚痴がちょくちょく出るだけのチャンネルだと思います。それでも良いって方は…………\n\nゆっくりしていってね！！', 'creator': 'UA0LXQERM', 'last_set': 1573881238}",[],11
CLL6U21FB,times_tsuruoka,True,1564099718,False,False,0,UA09XJHAS,times_tsuruoka,False,False,False,False,False,['U4U20HQBH'],"{'value': '', 'creator': '', 'last_set': 0}","{'value': 'teacher_tsuruokaがお送りするポカポカ陽気な独り言チャンネルです！', 'creator': 'UA09XJHAS', 'last_set': 1564099719}",[],42
CQWAJ2UQ2,times_tukito,True,1575449134,False,False,0,UA738A7EX,times_tukito,False,False,False,False,False,[],"{'value': '', 'creator': '', 'last_set': 0}","{'value': '', 'creator': '', 'last_set': 0}",[],1
CPUJNVAKS,times_u-suke,True,1572137004,False,False,0,UHXGQMKFX,times_u-suke,False,False,False,False,False,[],"{'value': '', 'creator': '', 'last_set': 0}","{'value': '僕が趣味で読んだ本や論文の知識を不定期に発表します。\n役立つ？知識が欲しい人たちの学びの場にしたいです。\n\nその他、雑談なんかもOKです！！！', 'creator': 'UHXGQMKFX', 'last_set': 1572137347}",[],1
CP6S5UC5Q,times_u-undecided,True,1571497327,False,False,0,UHQDS87DJ,times_u-undecided,False,False,False,False,False,[],"{'value': '', 'creator': '', 'last_set': 0}","{'value': '創作とか推しとかいろいろ', 'creator': 'UHQDS87DJ', 'last_set': 1571497328}",[],5
CNG15AAJX,times_umehara,True,1569575474,False,False,0,UHJ75KW14,times_umehara,False,False,False,False,False,[],"{'value': '', 'creator': '', 'last_set': 0}","{'value': '梅原先生の日常を覗こう！', 'creator': 'UHJ75KW14', 'last_set': 1569575475}",[],19
CNSG0AL73,times_undecided,True,1570019773,False,False,0,UHQDS87DJ,times_undecided,False,False,False,False,False,[],"{'value': '', 'creator': '', 'last_set': 0}","{'value': '落書きと創作 時々推し  今日も雨模様', 'creator': 'UHQDS87DJ', 'last_set': 1570019774}",[],0
CQR8ADT25,times_wata,True,1574744824,False,False,0,UEBJ944LU,times_wata,False,False,False,False,False,[],"{'value': '映画時評と生産絵の残滓たち', 'creator': 'UEBJ944LU', 'last_set': 1575214274}","{'value': '映画オタクの戯言:clapper:稀にお絵描き:art:映画めっちゃ批判します。逃げてください:dancer:', 'creator': 'UEBJ944LU', 'last_set': 1575214310}",[],1
CLR9Z6H16,times_y_ozaki,True,1564022957,False,False,0,UHJ7WK86A,times_y_ozaki,False,False,False,False,False,['U4U20HQBH'],"{'value': 'おざきの日常をつぶやくチャンネルです', 'creator': 'UHJ7WK86A', 'last_set': 1564029114}","{'value': 'おざきの日常を登校するチャンネルです', 'creator': 'UHJ7WK86A', 'last_set': 1564022958}",[],15
CKWN517ME,times_y_sasaki,True,1561542846,False,False,0,UHJHKJQ9J,times_y_sasaki,False,False,False,False,False,['U4U20HQBH'],"{'value': 'ささきの限界オタクな日常', 'creator': 'UHJHKJQ9J', 'last_set': 1564053440}","{'value': 'ささっきーのお部屋だよ', 'creator': 'UHJHKJQ9J', 'last_set': 1561542847}",['times_s_yudai'],29
CLT8X2LNB,times_y_yano,True,1564035560,False,False,0,UA09T9US2,times_y_yano,False,False,False,False,False,['U4U20HQBH'],"{'value': '', 'creator': '', 'last_set': 0}","{'value': '矢野先生の日常や何気ない独り言を投稿するチャンネルです！', 'creator': 'UA09T9US2', 'last_set': 1564035561}",[],37
CL3CDJK0V,times_y_yuta,True,1562126099,False,False,0,U4NFBCTPW,times_y_yuta,False,False,False,False,False,['U4U20HQBH'],"{'value': '一人、代々木でレポートしたり勉強したり、たまに代々木周辺のランチを紹介するチャンネル。', 'creator': 'U4NFBCTPW', 'last_set': 1562127634}","{'value': '代々木生活をたまに投稿するch。', 'creator': 'U4NFBCTPW', 'last_set': 1562126172}",[],11
CQ4NQBHAM,times_yanagisawa_haruto,True,1573392283,False,False,0,UHTM5UUAY,times_yanagisawa_haruto,False,False,False,False,False,[],"{'value': '', 'creator': '', 'last_set': 0}","{'value': 'ヤナギサワハルトの愚痴場', 'creator': 'UHTM5UUAY', 'last_set': 1573392284}",[],10
CP0GB7APR,times_yoshigoi,True,1570003340,False,False,0,UHU07CKF0,times_yoshigoi,False,False,False,False,False,[],"{'value': '', 'creator': '', 'last_set': 0}","{'value': '', 'creator': '', 'last_set': 0}",[],10
CNM9MFDK5,times_yunn,True,1570009508,False,False,0,UHH88LHMK,times_yunn,False,False,False,False,False,[],"{'value': '', 'creator': '', 'last_set': 0}","{'value': '推しについて自問自答したり、好きなことについて話したり、絵などをあげたりするのんびりしたチャンネルです。私は特に地雷ないです！()', 'creator': 'UHH88LHMK', 'last_set': 1570197485}",[],9
CNSRVQ0AV,times_yurunekomoti,True,1570032490,False,False,0,UH5HE9UMR,times_yurunekomoti,False,False,False,False,False,[],"{'value': '', 'creator': 'UH5HE9UMR', 'last_set': 1570038669}","{'value': 'すごくざっくりしてます。主に進捗と落書き。あとはもうなんか色々。気分の高低差凄まじいのと自重しない方向なので、諸々の意味で苦手だったりゾワっとする方はそっ閉じ推奨。', 'creator': 'UH5HE9UMR', 'last_set': 1571909181}","['times_ゆるねこ', 'times_ねこ餅', 'times_yuruneko']",9
CNM9HDHJP,times_yuutuzu,True,1570009264,False,False,0,U4Q1MU8KC,times_yuutuzu,False,False,False,False,False,[],"{'value': '', 'creator': '', 'last_set': 0}","{'value': '書いた絵を投げます', 'creator': 'U4Q1MU8KC', 'last_set': 1570009915}",[],22
CP0GFAXL7,times_yuzu,True,1570003565,False,False,0,UHM9F5B0D,times_yuzu,False,False,False,False,False,[],"{'value': '', 'creator': '', 'last_set': 0}","{'value': '', 'creator': '', 'last_set': 0}",[],1
CNWKW0U4T,times_zyunia,True,1570673001,False,False,0,UGWRY59GR,times_zyunia,False,False,True,False,False,['UP1JDBNJC'],"{'value': '', 'creator': '', 'last_set': 0}","{'value': '', 'creator': '', 'last_set': 0}",[],5
CNYL7HXL4,times_zzz10,True,1570026875,False,False,0,UBLUJDA82,times_zzz10,False,False,False,False,False,[],"{'value': '', 'creator': '', 'last_set': 0}","{'value': 'イラスト中心に雑多', 'creator': 'UBLUJDA82', 'last_set': 1570027070}",[],0
CQNG5PJDN,times_オメガ,True,1574076429,False,False,0,UHLAW2W4E,times_ｵﾒｶﾞ,False,False,False,False,False,[],"{'value': 'シナリオ作成所', 'creator': 'UHLAW2W4E', 'last_set': 1574126969}","{'value': '', 'creator': '', 'last_set': 0}",[],5
CP8UAFUGG,times_ぎゅうちゃん,True,1570720991,False,False,0,UA0NRJLSE,times_ぎゅうちゃん,False,False,False,False,False,[],"{'value': '', 'creator': '', 'last_set': 0}","{'value': '誰でもどうぞ', 'creator': 'UA0NRJLSE', 'last_set': 1572569102}",[],3
CQM8P82SD,times_きゅうり,True,1574414070,False,False,0,UHUSADDGR,times_きゅうり,False,False,False,False,False,[],"{'value': '', 'creator': '', 'last_set': 0}","{'value': '', 'creator': '', 'last_set': 0}",[],1
CNNNATTHP,times_こんしお,True,1569760320,False,False,0,U9ZF8T7J9,times_こんしお,False,False,False,False,False,[],"{'value': '', 'creator': '', 'last_set': 0}","{'value': 'こんしおの日記', 'creator': 'U9ZF8T7J9', 'last_set': 1569760321}",[],8
CQ5M4RV8E,times_サイコパス〆零,True,1572766427,False,False,0,UP0H77541,times_ｻｲｺﾊﾟｽ〆零,False,False,False,False,False,[],"{'value': '', 'creator': '', 'last_set': 0}","{'value': '', 'creator': '', 'last_set': 0}",[],5
CQKKDGTHA,times_てれ,True,1573820814,False,False,0,UHAD5N8MP,times_てれ,False,False,False,False,False,[],"{'value': '聞いてみたいこと・スピリチュアル系統興味ある人どのくらい居るんだろう…？', 'creator': 'UHAD5N8MP', 'last_set': 1573820891}","{'value': 'N校生に聞いてみたいこと、独り言などいろいろ。', 'creator': 'UHAD5N8MP', 'last_set': 1573820815}",[],8
CL97RNZ99,times_とーる,True,1563597632,False,False,0,U4MBF179Q,times_とｰる,False,False,False,False,False,['U4U20HQBH'],"{'value': '', 'creator': '', 'last_set': 0}","{'value': 'とーるのどうでもいい日常を投稿します', 'creator': 'U4MBF179Q', 'last_set': 1563597632}",[],6
CNNNJG89G,times_トメィトゥ,True,1570166734,False,False,0,UA76MUXS6,times_ﾄﾒｨﾄｩ,False,False,False,False,False,[],"{'value': '自分の作品(主に映像)を自慢しながら他の人のおーすげー動画を共有するチャンネル\nつったかたー:<https://twitter.com/tomatoillu?lang=ja>', 'creator': 'UA76MUXS6', 'last_set': 1571722001}","{'value': '自分の作品(主に映像)を自慢しながら他の人のおーすげー動画を共有するチャンネル\nつったかたー:<https://twitter.com/tomatoillu?lang=ja>', 'creator': 'UA76MUXS6', 'last_set': 1570168055}","['times_トメィトゥ_test', 'times_トメィトゥ', 'time_トメィトゥ']",3
CQEEL6TBQ,times_のん_黄色帽子,True,1573312039,False,False,0,UA7SFJ1D4,times_のん_黄色帽子,False,False,False,False,False,[],"{'value': 'こそっ 考えたこととか適当にたれ流そうとおもってます。興味のある方はぜひ。', 'creator': 'UA7SFJ1D4', 'last_set': 1573312105}","{'value': '主に自分語り', 'creator': 'UA7SFJ1D4', 'last_set': 1575895903}",[],7
CNLQ6SDAN,times_プレキノ,True,1570044246,False,False,0,U4N1J6ZLN,times_ﾌﾟﾚｷﾉ,False,False,False,False,False,[],"{'value': '', 'creator': '', 'last_set': 0}","{'value': 'プレキノが色々つぶやくチャンネル(￣▽￣)', 'creator': 'U4N1J6ZLN', 'last_set': 1570044247}",[],1
CNTNWBV3P,times_みゃー,True,1569590756,False,False,0,UHQEAV5M5,times_みゃｰ,False,False,False,False,False,[],"{'value': '雑談とかつぶやきとか', 'creator': 'UHQEAV5M5', 'last_set': 1572534024}","{'value': '過疎ですが気軽に参加してください！あと雑談も歓迎です！下手ですが歌ってみたとかも載せていきたいと思います', 'creator': 'UHQEAV5M5', 'last_set': 1573910481}",['times_mya-'],9
CQ3EU22UF,times_ゆう,True,1572580243,False,False,0,UHAUJL41G,times_ゆう,False,False,False,False,False,[],"{'value': '', 'creator': '', 'last_set': 0}","{'value': '', 'creator': '', 'last_set': 0}",[],7
CR4N8E6MN,times_るなてゃん,True,1575132036,False,False,0,U9ZHLTPGE,times_るなてゃん,False,False,False,False,False,[],"{'value': '', 'creator': '', 'last_set': 0}","{'value': '', 'creator': '', 'last_set': 0}",[],2
CQZJAMK4L,times_わかめ,True,1574787737,False,False,0,U9Y4UEU1F,times_わかめ,False,False,False,False,False,[],"{'value': '音ゲーと飯とキャンパスの話とか', 'creator': 'U9Y4UEU1F', 'last_set': 1574787776}","{'value': '流行りに便乗するやつ\u3000ほぼメモ帳', 'creator': 'U9Y4UEU1F', 'last_set': 1574918530}",[],3
CP099S788,times_慧,True,1570097153,False,False,0,U9YS9BLTX,times_慧,False,False,True,False,False,['UP1JDBNJC'],"{'value': '', 'creator': '', 'last_set': 0}","{'value': 'club_artにあげるまででもない落書きや、観た映画などのお話をします', 'creator': 'U9YS9BLTX', 'last_set': 1570097154}",[],15
CNM8M4P25,times_満田,True,1569587830,False,False,0,UHQ1Z7WFP,times_満田,False,False,False,False,False,[],"{'value': '', 'creator': '', 'last_set': 0}","{'value': '満田のチャンネルです。\nなんかつぶやきます。\n(音楽部のHRでの#timesを作ろうという取り組みがあって僕も作りました。)', 'creator': 'UHQ1Z7WFP', 'last_set': 1569588092}",[],7
CQW34LL20,times宣伝チャンネル,True,1574491939,False,False,0,UM5L8AN5P,times宣伝ﾁｬﾝﾈﾙ,False,False,True,False,False,['UP1JDBNJC'],"{'value': '', 'creator': '', 'last_set': 0}","{'value': '自分のtimesやオススメのtimesを宣伝するチャンネルです。自分の以外のtimesを宣伝するときは、本人に許可を取ってから投稿してください。', 'creator': 'UM5L8AN5P', 'last_set': 1574491940}",[],31
CQR3H2KDJ,たいむず_あみぃtimes_ami_i,True,1574225469,False,False,0,UHH458CUX,たいむず_あみぃtimes_ami_i,False,False,False,False,False,[],"{'value': '', 'creator': '', 'last_set': 0}","{'value': '', 'creator': '', 'last_set': 0}",[],9
CPH3V9Q2D,たいむずtimes_nishiwoにしを,True,1571813212,False,False,0,UHDMTRWQZ,たいむずtimes_nishiwoにしを,False,False,False,False,False,[],"{'value': '', 'creator': '', 'last_set': 0}","{'value': '毎日たたかってるのでその光景をお送りします', 'creator': 'UHDMTRWQZ', 'last_set': 1571813212}",[],21
CNT0F0BN0,緑茶のあほらしいtimes,True,1569573415,False,False,0,UHPD1FXSA,緑茶のあほらしいtimes,False,False,False,False,False,['U4U20HQBH'],"{'value': '', 'creator': '', 'last_set': 0}","{'value': '歌詞書いてるんで感想とかおなしゃっす', 'creator': 'UHPD1FXSA', 'last_set': 1575623285}","['times_ryoku_p', 'times_ryoku']",17
